<?xml version="1.0" encoding="UTF-8" standalone="yes"?>
<ns2:configuration xmlns:ns2="http://domibus.eu/configuration" party="APXXXX-TESTFEDERATION-TEST">
    <businessProcesses>
        <roles>
            <role name="defaultInitiatorRole" value="http://docs.oasis-open.org/ebxml-msg/ebms/v3.0/ns/core/200704/initiator"/>
            <role name="defaultResponderRole" value="http://docs.oasis-open.org/ebxml-msg/ebms/v3.0/ns/core/200704/responder"/>
        </roles>
        <parties>
            <partyIdTypes>
                <partyIdType name="partyTypeUrn" value="urn:fdc:digg.se:edelivery:transportprofile:as4:partytype:ap"/>
            </partyIdTypes>
            <party name="APXXXX-TESTFEDERATION-TEST" endpoint="https://yourendpoint.com/domibus/services/msh">
                <identifier partyId="APXXXX-TESTFEDERATION-TEST" partyIdType="partyTypeUrn"/>
            </party>
        </parties>
        <meps>
            <mep name="oneway" value="http://docs.oasis-open.org/ebxml-msg/ebms/v3.0/ns/core/200704/oneWay" legs="0"/>
            <binding name="push" value="http://docs.oasis-open.org/ebxml-msg/ebms/v3.0/ns/core/200704/push"/>
            <binding name="pull" value="http://docs.oasis-open.org/ebxml-msg/ebms/v3.0/ns/core/200704/pull"/>
        </meps>
        <properties>
            <property name="originalSenderProperty" key="originalSender" datatype="string" required="true"/>
            <property name="finalRecipientProperty" key="finalRecipient" datatype="string" required="true"/>
            <propertySet name="eDeliveryPropertySet">
                <propertyRef property="finalRecipientProperty"/>
                <propertyRef property="originalSenderProperty"/>
            </propertySet>
        </properties>
        <payloadProfiles>
            <payload name="businessContentPayload" cid="cid:message" mimeType="text/xml" maxSize="0" required="true" inBody="false"/>
            <payload name="businessContentAttachment" cid="cid:attachment" mimeType="application/octet-stream" maxSize="0" required="false" inBody="false"/>
            <payloadProfile name="MessageProfile" maxSize="2147483647">
                <attachment name="businessContentPayload"/>
                <attachment name="businessContentAttachment"/>
            </payloadProfile>
        </payloadProfiles>
        <securities>
            <security name="eDeliveryAS4Policy_BST" policy="eDeliveryAS4Policy_BST.xml" signatureMethod="RSA_SHA256"/>
        </securities>
        <errorHandlings>
            <errorHandling name="demoErrorHandling" errorAsResponse="true" businessErrorNotifyProducer="true" businessErrorNotifyConsumer="true" deliveryFailureNotifyProducer="true"/>
        </errorHandlings>
        <agreements>
            <agreement name="agreement1" value="urn:fdc:digg.se:edelivery:transportprofile:as4:agreement:1.0" type=""/>
        </agreements>
        <services>
            <service name="messageService" value="urn:riv:messaging-process" type="urn:fdc:digg.se:edelivery:process"/>
            <service name="receiptService" value="bdx:noprocess" type="urn:fdc:digg.se:edelivery:process"/>
        </services>
       <actions>
            <action name="messageAction" value="busdox-docid-qns::urn:riv:infrastructure:messaging:MessageWithAttachments:3::messagePayload##3.0::tm-base"/>
           <action name="messageActionExtended" value="busdox-docid-qns::urn:riv:infrastructure:messaging:MessageWithAttachments:3::messagePayload##3.0::tm-base-ext-sigenc"/>
            <action name="receiptAction" value="busdox-docid-qns::urn:oasis:names:specification:ubl:schema:xsd:ApplicationResponse-2::ApplicationResponse##fdc:digg.se:edelivery:messagetype:response:1::2.1::tm-base"/>
            <action name="receiptActionExtended" value="busdox-docid-qns::urn:oasis:names:specification:ubl:schema:xsd:ApplicationResponse-2::ApplicationResponse##fdc:digg.se:edelivery:messagetype:response:1::2.1::tm-base-ext-sigenc"/>
        </actions>
        <as4>
            <receptionAwareness name="receptionAwareness" retry="12;4;CONSTANT" duplicateDetection="true"/>
            <reliability name="AS4Reliability" replyPattern="response" nonRepudiation="true"/>
        </as4>
        <legConfigurations>
            <legConfiguration name="messageWithAttachment" reliability="AS4Reliability" security="eDeliveryAS4Policy_BST" receptionAwareness="receptionAwareness" service="messageService" action="messageAction" defaultMpc="defaultMpc" propertySet="eDeliveryPropertySet" payloadProfile="MessageProfile" errorHandling="demoErrorHandling" compressPayloads="true"/>
            <legConfiguration name="messageWithAttachmentExtended" reliability="AS4Reliability" security="eDeliveryAS4Policy_BST" receptionAwareness="receptionAwareness" service="messageService" action="messageActionExtended" defaultMpc="defaultMpc" propertySet="eDeliveryPropertySet" payloadProfile="MessageProfile" errorHandling="demoErrorHandling" compressPayloads="true"/>
            <legConfiguration name="messageReceipt" reliability="AS4Reliability" security="eDeliveryAS4Policy_BST" receptionAwareness="receptionAwareness" service="receiptService" action="receiptAction" defaultMpc="defaultMpc" propertySet="eDeliveryPropertySet" payloadProfile="MessageProfile" errorHandling="demoErrorHandling" compressPayloads="true"/>
        <legConfiguration name="messageReceiptExtended" reliability="AS4Reliability" security="eDeliveryAS4Policy_BST" receptionAwareness="receptionAwareness" service="receiptService" 
         action="receiptActionExtended" defaultMpc="defaultMpc" propertySet="eDeliveryPropertySet" payloadProfile="MessageProfile" errorHandling="demoErrorHandling" compressPayloads="true"/>
        </legConfigurations>
        <process name="senderProcess" initiatorRole="defaultInitiatorRole" responderRole="defaultResponderRole" mep="oneway" binding="push">
            <initiatorParties>
                <initiatorParty name="APXXXX-TESTFEDERATION-TEST"/>
            </initiatorParties>
          <legs>
                <leg name="messageWithAttachment"/>
                <leg name="messageReceipt"/>
                <leg name="messageWithAttachmentExtended"/>
                <leg name="messageReceiptExtended"/>
            </legs>
        </process>
        <process name="recieverProcess" initiatorRole="defaultInitiatorRole" responderRole="defaultResponderRole" mep="oneway" binding="push">
            <responderParties>
                <responderParty name="APXXXX-TESTFEDERATION-TEST"/>
            </responderParties>
           <legs>
                <leg name="messageWithAttachment"/>
                <leg name="messageReceipt"/>
                <leg name="messageWithAttachmentExtended"/>
                <leg name="messageReceiptExtended"/>
            </legs>
        </process>
    </businessProcesses>
    <mpcs>
        <mpc name="defaultMpc" retention_downloaded="0" retention_undownloaded="14400" retention_sent="14400" delete_message_metadata="false" max_batch_delete="1000" default="true" enabled="true" qualifiedName="http://docs.oasis-open.org/ebxml-msg/ebms/v3.0/ns/core/200704/defaultMPC"/>
    </mpcs>
</ns2:configuration>
